record_type,timestamp_us,measurement_number,ch1_raw,ch1_dark,ch1_corrected,ch1_uv,ch1_filtered,ch1_filtered_uv,ch2_raw,ch2_dark,ch2_corrected,ch2_uv,ch2_filtered,ch2_filtered_uv,ratio,filtered_ratio,ratio_valid,filtered_ratio_valid,ch1_saturated,ch2_saturated
DATA,1504235,1,962262,911858,50404,12305.664,50404,12305.664,313635,297193,16442,4014.160,16442,4014.160,3.065564,3.065564,1,1,0,0
DATA,3044171,2,1011614,994121,17493,4270.752,33948,8288.086,313538,319199,-5661,-1382.080,5390,1315.918,-3.090090,6.298330,1,1,0,0
DATA,4584171,3,1022165,1015368,6797,1659.424,24898,6078.613,312594,319781,-7187,-1754.639,1198,292.480,-0.945735,20.782972,1,1,0,0
DATA,6124171,4,1027233,1020924,6309,1540.283,20250,4943.848,313350,317090,-3740,-913.086,-36,-8.789,-1.686898,-562.500000,1,1,0,0
DATA,7664171,5,1029784,1025422,4362,1064.941,17073,4168.213,329980,317011,12969,3166.260,2564,625.977,0.336341,6.658736,1,1,0,0
DATA,9204172,6,1028236,1021581,6655,1624.756,15336,3744.141,312111,336545,-24434,-5965.332,-1935,-472.412,-0.272366,-7.925581,1,1,0,0
DATA,10744172,7,1032162,1027520,4642,1133.301,13808,3371.094,311434,322543,-11109,-2712.158,-3245,-792.236,-0.417859,-4.255162,1,1,0,0
DATA,12284172,8,1035947,1030966,4981,1216.064,12705,3101.807,307589,317480,-9891,-2414.795,-4076,-995.117,-0.503589,-3.117026,1,1,0,0
DATA,13824183,9,1038941,1033058,5883,1436.279,7140,1743.164,304753,313949,-9196,-2245.117,-7281,-1777.588,-0.639735,-0.980635,1,1,0,0
DATA,15364171,10,1039616,1033735,5881,1435.791,5688,1388.672,302880,312322,-9442,-2305.176,-7753,-1892.822,-0.622855,-0.733651,1,1,0,0
DATA,16904175,11,1040468,1034975,5493,1341.064,5525,1348.877,302140,309739,-7599,-1855.225,-7805,-1905.518,-0.722858,-0.707880,1,1,0,0
DATA,18444171,12,1034605,1032946,1659,405.029,4944,1207.031,302621,309028,-6407,-1564.209,-8138,-1986.816,-0.258936,-0.607520,1,1,0,0
DATA,19984175,13,1037785,1031955,5830,1423.340,5128,1251.953,302645,312259,-9614,-2347.168,-10961,-2676.025,-0.606407,-0.467841,1,1,0,0
DATA,21524171,14,1033633,1031410,2223,542.725,4574,1116.699,307373,314469,-7096,-1732.422,-8794,-2146.973,-0.313275,-0.520127,1,1,0,0
DATA,23064175,15,1038299,1027073,11226,2740.723,5397,1317.627,299062,301293,-2231,-544.678,-7684,-1875.977,-5.031824,-0.702369,1,1,0,0
DATA,24604171,16,1039125,1033721,5404,1319.336,5449,1330.322,302410,304541,-2131,-520.264,-6714,-1639.160,-2.535899,-0.811588,1,1,0,0
DATA,26144175,17,1023462,1031279,-7817,-1908.447,3737,912.354,332290,593766,-261476,-63836.914,-38249,-9338.135,0.029896,-0.097702,1,1,0,0
DATA,27684171,18,1023609,1056309,-32700,-7983.398,-1085,-264.893,265902,369491,-103589,-25290.283,-50017,-12211.182,0.315671,0.021693,1,1,0,0
DATA,29224175,19,1016394,1013891,2503,611.084,-1459,-356.201,249105,706335,-457230,-111628.418,-106221,-25932.861,-0.005474,0.013736,1,1,0,0
DATA,30764171,20,1030047,1015672,14375,3509.521,130,31.738,226279,689711,-463432,-113142.578,-163349,-39880.127,-0.031019,-0.000796,1,1,0,0
DATA,32304175,21,1031094,1019217,11877,2899.658,886,216.309,200571,684101,-483530,-118049.316,-222589,-54343.018,-0.024563,-0.003980,1,1,0,0
DATA,33844171,22,1037424,1023605,13819,3373.779,2335,570.068,209124,684871,-475747,-116149.170,-281170,-68645.020,-0.029047,-0.008305,1,1,0,0
DATA,35384174,23,1038887,1025753,13134,3206.543,2574,628.418,207477,685134,-477657,-116615.479,-340599,-83154.053,-0.027497,-0.007557,1,1,0,0
DATA,36924171,24,1040972,1026787,14185,3463.135,3672,896.484,205507,684995,-479488,-117062.500,-400268,-97721.680,-0.029584,-0.009174,1,1,0,0
DATA,38464175,25,1042092,1030689,11403,2783.936,6074,1482.910,206594,681397,-474803,-115918.701,-426934,-104231.934,-0.024016,-0.014227,1,1,0,0
DATA,40004171,26,1043353,1031889,11464,2798.828,11595,2830.811,204278,682426,-478148,-116735.352,-473754,-115662.598,-0.023976,-0.024475,1,1,0,0
DATA,41544177,27,1044514,1032724,11790,2878.418,12755,3114.014,202525,682144,-479619,-117094.482,-476553,-116345.947,-0.024582,-0.026765,1,1,0,0
DATA,43084172,28,1045327,1033760,11567,2823.975,12404,3028.320,203611,686690,-483079,-117939.209,-479008,-116945.312,-0.023944,-0.025895,1,1,0,0
DATA,44624175,29,1046162,1034941,11221,2739.502,12322,3008.301,201704,683469,-481765,-117618.408,-478788,-116891.602,-0.023291,-0.025736,1,1,0,0
DATA,46164171,30,1049059,1036341,12718,3104.980,12185,2974.854,201039,686128,-485089,-118429.932,-479956,-117176.758,-0.026218,-0.025388,1,1,0,0
DATA,47704175,31,1049431,1037201,12230,2985.840,12072,2947.266,200094,686094,-486000,-118652.344,-480998,-117431.152,-0.025165,-0.025098,1,1,0,0
DATA,49244171,32,1050350,1038469,11881,2900.635,11784,2876.953,200714,685225,-484511,-118288.818,-481626,-117584.473,-0.024522,-0.024467,1,1,0,0
DATA,50784175,33,1050928,1039578,11350,2770.996,11777,2875.244,212157,685426,-473269,-115544.189,-481435,-117537.842,-0.023982,-0.024462,1,1,0,0
DATA,52324171,34,1051829,1040189,11640,2841.797,11799,2880.615,198098,682764,-484666,-118326.660,-482249,-117736.572,-0.024017,-0.024467,1,1,0,0
DATA,53864175,35,1052973,1041632,11341,2768.799,11743,2866.943,196316,682551,-486235,-118709.717,-483076,-117938.477,-0.023324,-0.024309,1,1,0,0
DATA,55404225,36,1052396,1041888,10508,2565.430,11611,2834.717,201277,683988,-482711,-117849.365,-483030,-117927.246,-0.021769,-0.024038,1,1,0,0